transactionId,accountFromId,accountToId,amount,timestamp
1,1,2,2.0,1715015482
2,2,1,2.0,1715015483
3,2,1,2.0,1715015484
4,1,2,2.0,1715017676
5,1,2,2.0,1715017772
6,1,2,2.0,1715017788
7,1,2,2.0,1715017964
8,3,2,2.0,1715018086
9,3,2,2.0,1715018257
10,3,2,2.0,1715018264
11,3,2,2.0,1715018269
12,3,2,2.0,1715071475
13,3,2,2.0,1715539039
14,3,2,2.0,1715539683
15,3,2,2.0,1715539747
16,3,2,2.0,1715540549
17,3,2,2.0,1715540719
18,2,3,2.0,1715891780
19,2,3,2.0,1716133109
20,2,3,2.0,1716315345
21,2,3,2.0,1716315477
22,2,3,2.0,1716315739
23,2,3,2.0,1716318960
24,2,3,2.0,1716320684
25,2,3,2.0,1716320692
26,2,3,2.0,1716321347
27,2,3,2.0,1716321363
28,2,3,2.0,1716321426
29,2,3,2.0,1716321482
30,2,3,2.0,1716321535
31,2,3,2.0,1716321576
32,2,3,2.0,1716321609
33,2,3,2.0,1716321642
34,2,3,2.0,1716321791
35,2,3,2.0,1716321798
36,2,3,2.0,1716321921
37,2,3,2.0,1716321931
38,2,3,2.0,1716321995
39,2,3,2.0,1716322627
40,2,3,2.0,1716365013
41,2,3,2.0,1716365068
42,2,3,2.0,1716507639
43,2,3,2.0,1720043856
44,2,3,2.0,1720044132
